Demand,PILE,ALE,SLE,GDP,PIGDP,AGDP,SGDP,GDPpc,GDPI,PIGDPI,Population,City_Population,Rural_Population,Life_Expectancy,Life_Expectancy_M,Life_Expectancy_F,Honey,City_Population_Ratio
0.2,0.025436,0.020619,0.278727,0.317724,0.002579,0.001214,0.232051,1.0,0.422535,0.583333,0.147995,0.190956,0.015869,0.994208,1.0,0.975296,0.015337,0.980769
0.074194,0.046866,0.038728,0.086192,0.110934,0.02862,0.026829,0.101005,0.495967,0.112676,0.552083,0.08175,0.11048,0.0,0.879344,0.890748,0.854743,0.001534,0.923077
0.4,0.589362,0.528421,0.38451,0.312436,0.663133,0.65899,0.239104,0.090106,0.098592,0.770833,0.574931,0.473639,0.655762,0.53668,0.485236,0.570158,0.187117,0.461538
0.2,0.631001,0.5525,0.227653,0.169523,0.200711,0.197232,0.115194,0.168195,0.492958,0.859375,0.252801,0.222139,0.26001,0.552124,0.528543,0.565217,0.128834,0.5
0.148387,0.389739,0.359966,0.108577,0.155625,0.380556,0.35969,0.109743,0.321808,0.126761,0.697917,0.165124,0.161059,0.135498,0.51834,0.463583,0.563241,0.032209,0.596154
0.274194,0.288755,0.281826,0.188326,0.20784,0.398759,0.384817,0.160088,0.163876,0.0,0.713542,0.313606,0.315581,0.22998,0.626448,0.560039,0.670949,0.027607,0.692308
0.148387,0.164469,0.17873,0.065171,0.090376,0.245698,0.236215,0.054494,0.096704,0.098592,0.770833,0.163095,0.146914,0.161621,0.600386,0.526575,0.657115,0.173313,0.5
0.248387,0.319698,0.286712,0.069048,0.104192,0.567564,0.544027,0.085899,0.042463,0.042254,0.78125,0.223981,0.205637,0.210938,0.584942,0.498031,0.659091,0.223926,0.557692
0.2,0.013245,0.009747,0.139716,0.338986,0.0,0.0,0.415414,0.917393,0.352113,0.0,0.172349,0.223853,0.01416,1.0,0.996063,1.0,0.010736,1.0
0.448387,0.26466,0.274761,0.795333,0.940255,0.779534,0.783127,1.0,0.663794,0.43662,0.598958,0.66074,0.659559,0.490234,0.688224,0.66437,0.699605,0.081288,0.711538
0.6,0.289215,0.254873,0.731332,0.586766,0.356588,0.342271,0.664957,0.497189,0.408451,0.557292,0.501218,0.494856,0.385742,0.772201,0.769685,0.773715,0.769939,0.692308
0.274194,0.611935,0.596347,0.300166,0.330114,0.550793,0.542735,0.304508,0.195838,0.338028,0.822917,0.466553,0.374732,0.555176,0.55695,0.516732,0.589921,0.291411,0.423077
0.448387,0.366009,0.328485,0.462171,0.3872,0.472585,0.457376,0.425107,0.530699,0.352113,0.697917,0.310196,0.298328,0.259033,0.608108,0.545276,0.671937,0.27454,0.634615
0.248387,0.50092,0.447308,0.207823,0.226254,0.377219,0.36765,0.190592,0.17089,0.43662,0.703125,0.336987,0.283112,0.374268,0.526062,0.473425,0.570158,0.23773,0.461538
0.548387,0.887617,0.895903,0.93585,0.658802,1.0,1.0,0.879578,0.276588,0.352113,0.828125,0.795908,0.68249,0.844482,0.67471,0.609252,0.727273,0.127301,0.519231
0.5,1.0,1.0,0.534771,0.456552,0.932225,0.915808,0.336521,0.120171,0.028169,0.770833,0.772609,0.583476,1.0,0.522201,0.425197,0.601779,1.0,0.365385
0.548387,0.482972,0.476409,0.311421,0.391481,0.765073,0.759434,0.25608,0.310986,1.0,1.0,0.443579,0.385984,0.460449,0.560811,0.537402,0.571146,0.300613,0.519231
0.548387,0.41276,0.442967,0.183821,0.355786,0.712451,0.702387,0.343481,0.190631,0.253521,0.921875,0.507875,0.409344,0.600586,0.549228,0.500984,0.592885,0.233129,0.442308
1.0,0.24493,0.236179,1.0,1.0,0.823982,0.795359,0.923078,0.392938,0.323944,0.84375,1.0,1.0,0.734863,0.687259,0.637795,0.738142,0.619632,0.730769
0.6,0.512964,0.46175,0.192706,0.188593,0.666655,0.641303,0.151395,0.062511,0.295775,0.890625,0.379201,0.282898,0.501709,0.566602,0.430118,0.714427,0.404908,0.346154
0.074194,0.057415,0.050902,0.033397,0.036072,0.195233,0.188373,0.064942,0.157045,0.774648,0.640625,0.053093,0.052293,0.046387,0.662162,0.547244,0.799407,0.016871,0.461538
0.274194,0.518274,0.445794,0.184364,0.21198,0.307742,0.292821,0.198868,0.31712,0.366197,0.84375,0.231044,0.227711,0.181885,0.614865,0.550197,0.68083,0.338957,0.634615
0.8,0.588569,0.506697,0.19503,0.424071,0.938142,0.90047,0.370489,0.161269,0.338028,0.802083,0.649943,0.504393,0.811279,0.540541,0.466535,0.610672,0.961656,0.403846
0.348387,0.713296,0.591886,0.1271,0.141703,0.4441,0.436962,0.111622,0.064824,0.323944,0.838542,0.283,0.209923,0.378662,0.290541,0.179134,0.391304,0.059816,0.326923
0.548387,0.588755,0.51026,0.182993,0.204514,0.629574,0.598506,0.209354,0.114234,0.211268,0.848958,0.351031,0.242177,0.509766,0.176641,0.069882,0.27668,0.197853,0.269231
0.0,0.0,0.0,0.0,0.0,0.011462,0.009899,0.0,0.108188,0.126761,0.817708,0.0,0.0,0.005859,0.0,0.0,0.0,0.0,0.0
0.248387,0.347754,0.316534,0.159406,0.22865,0.389995,0.382547,0.148385,0.240157,0.112676,0.765625,0.291281,0.255251,0.300293,0.541506,0.523622,0.54249,0.179448,0.519231
0.148387,0.407086,0.35121,0.059794,0.066417,0.213841,0.205098,0.050121,0.0,0.15493,0.963542,0.172431,0.127947,0.23291,0.333012,0.331693,0.306324,0.093558,0.307692
0.022581,0.10607,0.087,0.014797,0.01064,0.043402,0.039803,0.006259,0.109587,0.0,0.677083,0.018509,0.024432,0.005859,0.170849,0.142717,0.166008,0.003067,0.461538
0.022581,0.114031,0.098692,0.03131,0.02045,0.045256,0.043822,0.007545,0.153429,0.140845,0.682292,0.029144,0.03697,0.009277,0.423745,0.454724,0.360672,0.009202,0.557692
0.2,0.14824,0.158604,0.083293,0.116043,0.381432,0.375595,0.052647,0.150222,0.197183,0.854167,0.180468,0.144449,0.219482,0.333977,0.333661,0.310277,0.246933,0.384615
0.202658,0.032266,0.026318,0.275906,0.311588,0.00011,0.0,0.246645,1.0,0.492424,0.0,0.148719,0.193391,0.014458,0.994208,1.0,0.975296,0.017442,0.981132
0.076412,0.06081,0.049597,0.081034,0.110805,0.018828,0.01908,0.108382,0.5083,0.515152,0.490683,0.083293,0.113109,0.0,0.879344,0.890748,0.854743,0.0,0.924528
0.401993,0.778335,0.681472,0.370686,0.312233,0.69234,0.709739,0.254475,0.097062,0.69697,0.720497,0.57905,0.471614,0.65608,0.53668,0.485236,0.570158,0.188953,0.45283
0.202658,0.70614,0.603544,0.196355,0.14584,0.194322,0.198833,0.112243,0.118486,0.681818,0.937888,0.254854,0.22221,0.259777,0.552124,0.528543,0.565217,0.127907,0.509434
0.149502,0.431222,0.388604,0.094363,0.140553,0.352547,0.345657,0.113683,0.278949,0.424242,0.627329,0.166177,0.161538,0.134866,0.51834,0.463583,0.563241,0.03343,0.584906
0.275748,0.356334,0.340422,0.184861,0.211523,0.399527,0.400681,0.171267,0.177547,0.454545,0.720497,0.317262,0.318418,0.230623,0.626448,0.560039,0.670949,0.030523,0.679245
0.149502,0.177328,0.189582,0.044693,0.094768,0.265232,0.264195,0.057026,0.114668,0.583333,0.602484,0.165851,0.148646,0.162124,0.600386,0.526575,0.657115,0.174419,0.509434
0.249169,0.382087,0.333304,0.066198,0.107376,0.612457,0.607139,0.080742,0.051313,0.477273,0.701863,0.22883,0.211159,0.208343,0.584942,0.498031,0.659091,0.19186,0.566038
0.202658,0.019897,0.015462,0.141873,0.339231,0.0,0.001064,0.439279,0.942678,0.537879,0.043478,0.173111,0.226544,0.012799,1.0,0.996063,1.0,0.008721,1.0
0.448505,0.293957,0.308769,0.668459,0.923625,0.812945,0.843671,1.0,0.666238,0.689394,0.627329,0.66169,0.660347,0.48329,0.688224,0.66437,0.699605,0.087209,0.698113
0.601329,0.343047,0.293502,0.685378,0.57471,0.37778,0.374277,0.674818,0.505728,0.681818,0.596273,0.497797,0.491549,0.376393,0.772201,0.769685,0.773715,0.728198,0.679245
0.275748,0.702566,0.665393,0.27546,0.330976,0.564725,0.575061,0.309467,0.207022,0.689394,0.658385,0.468184,0.371614,0.552738,0.55695,0.516732,0.589921,0.24564,0.415094
0.448505,0.38399,0.336383,0.364597,0.381751,0.481373,0.482516,0.414564,0.539771,0.651515,0.714286,0.309594,0.295775,0.257881,0.608108,0.545276,0.671937,0.251453,0.622642
0.249169,0.562317,0.492452,0.178427,0.218577,0.392002,0.393198,0.187738,0.165357,0.69697,0.658385,0.338799,0.28169,0.373548,0.526062,0.473425,0.570158,0.331395,0.45283
0.548173,0.933095,0.933626,0.824856,0.648936,0.964674,1.0,0.874013,0.280391,0.674242,0.689441,0.799396,0.680173,0.840009,0.67471,0.609252,0.727273,0.055233,0.509434
0.501661,1.0,1.0,0.452851,0.479242,0.962765,0.973472,0.362569,0.146855,0.492424,0.664596,0.781123,0.582774,1.0,0.522201,0.425197,0.601779,1.0,0.358491
0.548173,0.484445,0.476943,0.282307,0.376222,0.738732,0.753325,0.256158,0.294903,0.0,0.521739,0.438815,0.377248,0.455084,0.560811,0.537402,0.571146,0.292151,0.509434
0.548173,0.474799,0.503965,0.169207,0.36284,0.75846,0.771589,0.356683,0.208004,0.69697,0.751553,0.512237,0.408884,0.599194,0.549228,0.500984,0.592885,0.180233,0.433962
1.0,0.283721,0.268973,1.0,1.0,0.848748,0.845852,0.956654,0.410514,0.583333,0.751553,1.0,1.0,0.723157,0.687259,0.637795,0.738142,0.37064,0.716981
0.601329,0.586444,0.514174,0.173647,0.185065,0.649306,0.646629,0.155652,0.065381,0.689394,0.857143,0.379589,0.280498,0.494667,0.566602,0.430118,0.714427,0.376453,0.339623
0.076412,0.067159,0.057479,0.020676,0.033534,0.188707,0.189329,0.051293,0.152677,0.674242,0.645963,0.0527,0.051896,0.045034,0.662162,0.547244,0.799407,0.015988,0.45283
0.275748,0.570315,0.475924,0.167945,0.211798,0.311202,0.306114,0.20095,0.330808,0.704545,0.807453,0.23193,0.227302,0.182034,0.614865,0.550197,0.68083,0.340116,0.622642
0.800664,0.680207,0.573478,0.192208,0.426539,1.0,0.991329,0.377978,0.172715,0.69697,0.838509,0.653043,0.500325,0.808248,0.540541,0.466535,0.610672,0.909884,0.396226
0.348837,0.788392,0.635345,0.103231,0.146067,0.446341,0.454818,0.115825,0.081888,0.75,0.913043,0.284875,0.208017,0.378052,0.290541,0.179134,0.391304,0.061047,0.320755
0.548173,0.710266,0.600559,0.180018,0.207352,0.643049,0.631947,0.21392,0.126249,0.712121,0.875776,0.35536,0.24182,0.508888,0.176641,0.069882,0.27668,0.143895,0.264151
0.0,0.0,0.0,0.0,0.0,0.007818,0.007749,0.0,0.128065,1.0,1.0,0.0,0.0,0.005452,0.0,0.0,0.0,0.0,0.0
0.249169,0.391555,0.348239,0.154072,0.220702,0.396388,0.40272,0.15684,0.233957,0.568182,0.726708,0.292788,0.25428,0.299834,0.541506,0.523622,0.54249,0.116279,0.509434
0.149502,0.443494,0.374515,0.050891,0.064779,0.198268,0.198,0.0506,0.0,0.69697,0.850932,0.174172,0.127302,0.232994,0.333012,0.331693,0.306324,0.078488,0.301887
0.023256,0.117659,0.094391,0.013756,0.010134,0.042263,0.041068,0.006066,0.116881,0.522727,0.807453,0.018519,0.024377,0.005926,0.170849,0.142717,0.166008,0.0,0.45283
0.023256,0.122657,0.102972,0.025746,0.018797,0.042281,0.043551,0.008496,0.149427,0.704545,0.726708,0.028961,0.036511,0.009718,0.423745,0.454724,0.360672,0.007267,0.54717
0.202658,0.163078,0.170063,0.074221,0.108907,0.34383,0.352431,0.052661,0.138399,0.666667,0.78882,0.181433,0.14442,0.216639,0.333977,0.333661,0.310277,0.25,0.396226
0.202749,0.034615,0.02779,0.243287,0.317505,0.001457,0.000671,0.253586,1.0,0.584906,0.0,0.150808,0.199821,0.013838,0.994208,1.0,0.975296,0.016794,0.962963
0.075601,0.078013,0.062229,0.074996,0.116265,0.015629,0.014635,0.114981,0.526092,0.339623,0.481481,0.084433,0.116562,0.0,0.879344,0.890748,0.854743,0.0,0.907407
0.402062,0.846718,0.726627,0.354379,0.313116,0.680912,0.673813,0.258634,0.097026,0.698113,0.611111,0.584268,0.47519,0.65798,0.53668,0.485236,0.570158,0.164885,0.444444
0.202749,0.722437,0.605445,0.159372,0.143606,0.143356,0.142101,0.115376,0.108303,0.584906,0.666667,0.258575,0.225525,0.262223,0.552124,0.528543,0.565217,0.103817,0.481481
0.147766,0.424748,0.375099,0.08371,0.145967,0.350546,0.331892,0.123333,0.286954,0.415094,0.685185,0.16936,0.1654,0.136762,0.51834,0.463583,0.563241,0.027481,0.574074
0.274914,0.332004,0.311856,0.156537,0.217873,0.413362,0.401506,0.187542,0.183459,0.45283,0.796296,0.322889,0.326442,0.233856,0.626448,0.560039,0.670949,0.038168,0.666667
0.147766,0.178947,0.193709,0.038206,0.094356,0.235574,0.227469,0.060079,0.101103,0.0,0.694444,0.172081,0.154671,0.166513,0.600386,0.526575,0.657115,0.177099,0.5
0.247423,0.363683,0.311349,0.057428,0.111456,0.614004,0.588184,0.082308,0.050752,0.188679,0.685185,0.238621,0.221055,0.215637,0.584942,0.498031,0.659091,0.256489,0.555556
0.202749,0.021853,0.016602,0.130849,0.341425,0.0,0.0,0.451435,0.933288,0.566038,0.018519,0.174802,0.23346,0.011531,1.0,0.996063,1.0,0.00916,1.0
0.446735,0.308208,0.324408,0.647239,0.91222,0.836364,0.838696,0.984985,0.64487,0.54717,0.611111,0.668536,0.671882,0.487777,0.688224,0.66437,0.699605,0.054962,0.685185
0.601375,0.360589,0.298998,0.584841,0.571688,0.395138,0.377083,0.665923,0.504159,0.716981,0.62963,0.495877,0.495977,0.367851,0.772201,0.769685,0.773715,1.0,0.685185
0.274914,0.743957,0.688404,0.236369,0.33068,0.56067,0.551083,0.302826,0.203464,0.811321,0.777778,0.472543,0.374274,0.553736,0.55695,0.516732,0.589921,0.271756,0.407407
0.446735,0.366044,0.314417,0.299321,0.382248,0.496697,0.480592,0.39634,0.53526,0.849057,0.787037,0.311346,0.299844,0.256458,0.608108,0.545276,0.671937,0.250382,0.611111
0.247423,0.513754,0.442243,0.125692,0.216104,0.389349,0.377065,0.184265,0.156868,0.924528,0.75,0.342596,0.284198,0.376153,0.526062,0.473425,0.570158,0.305344,0.444444
0.546392,0.814555,0.796157,0.696057,0.647693,1.0,1.0,0.86826,0.276968,0.433962,0.564815,0.803513,0.684734,0.838792,0.67471,0.609252,0.727273,0.065649,0.5
0.501718,1.0,1.0,0.393822,0.48942,0.90393,0.885081,0.36151,0.154633,0.716981,0.685185,0.786609,0.583706,1.0,0.522201,0.425197,0.601779,0.931298,0.351852
0.546392,0.459429,0.451831,0.2595,0.411436,0.738997,0.727283,0.297604,0.330568,0.811321,0.777778,0.458938,0.395619,0.471633,0.560811,0.537402,0.571146,0.348092,0.5
0.546392,0.451397,0.482728,0.13868,0.359362,0.706621,0.696745,0.35793,0.199868,0.867925,0.759259,0.517728,0.412383,0.601476,0.549228,0.500984,0.592885,0.169466,0.407407
1.0,0.297122,0.277039,1.0,1.0,0.847023,0.813789,1.0,0.411186,0.603774,0.814815,1.0,1.0,0.737777,0.687259,0.637795,0.738142,0.39084,0.703704
0.601375,0.612253,0.5227,0.153208,0.183832,0.655223,0.630262,0.151849,0.063517,0.566038,0.981481,0.381019,0.280957,0.490314,0.566602,0.430118,0.714427,0.279389,0.333333
0.075601,0.073776,0.061527,0.017581,0.03418,0.193996,0.187311,0.040576,0.151272,0.528302,0.694444,0.052276,0.052079,0.043127,0.662162,0.547244,0.799407,0.015267,0.444444
0.274914,0.604654,0.493109,0.161423,0.206117,0.288329,0.273687,0.191599,0.311878,0.622642,0.787037,0.233097,0.229101,0.183579,0.614865,0.550197,0.68083,0.316031,0.611111
0.800687,0.711194,0.591898,0.178421,0.420231,0.938222,0.899493,0.379902,0.164572,0.830189,0.722222,0.658806,0.502682,0.809732,0.540541,0.466535,0.610672,0.842748,0.37037
0.347079,0.83082,0.655947,0.086825,0.141797,0.433841,0.427812,0.10696,0.070985,1.0,0.990741,0.287516,0.207421,0.380535,0.290541,0.179134,0.391304,0.059542,0.296296
0.546392,0.693085,0.574398,0.139166,0.202523,0.584962,0.556117,0.209413,0.115024,0.962264,0.972222,0.358922,0.242401,0.508072,0.176641,0.069882,0.27668,0.172519,0.259259
0.0,0.0,0.0,0.0,0.0,0.006208,0.005369,0.0,0.100607,0.962264,0.888889,0.0,0.0,0.004382,0.0,0.0,0.0,0.0,0.0
0.247423,0.384377,0.335875,0.13736,0.226697,0.376055,0.370055,0.162257,0.24238,0.566038,0.87037,0.295432,0.256147,0.302122,0.541506,0.523622,0.54249,0.103817,0.481481
0.147766,0.42353,0.351047,0.04328,0.066051,0.190064,0.183433,0.049726,0.0,0.603774,1.0,0.177111,0.128185,0.23524,0.333012,0.331693,0.306324,0.073282,0.296296
0.020619,0.131195,0.103306,0.011192,0.011697,0.038883,0.035926,0.005167,0.120163,0.584906,0.888889,0.018882,0.02481,0.005996,0.170849,0.142717,0.166008,0.001527,0.444444
0.020619,0.123972,0.101772,0.021199,0.019294,0.034512,0.034379,0.008976,0.140317,0.660377,0.759259,0.029354,0.036992,0.010148,0.423745,0.454724,0.360672,0.019847,0.537037
0.202749,0.149495,0.151429,0.05891,0.111952,0.334278,0.330941,0.061125,0.148227,0.603774,0.944444,0.181234,0.144837,0.212408,0.333977,0.333661,0.310277,0.267176,0.388889
0.205674,0.04226,0.033458,0.277532,0.320718,0.003261,0.001976,0.262858,1.0,0.578947,0.46988,0.153243,0.204527,0.013589,0.994208,1.0,0.975296,0.015083,0.963636
0.078014,0.075706,0.059681,0.074938,0.12007,0.014549,0.013291,0.120389,0.534676,0.0,0.596386,0.085793,0.119012,0.0,0.879344,0.890748,0.854743,0.001508,0.909091
0.404255,0.842749,0.715631,0.365963,0.314504,0.667355,0.660641,0.253051,0.097909,0.54386,0.771084,0.589628,0.472962,0.656494,0.53668,0.485236,0.570158,0.170437,0.418182
0.205674,0.754413,0.629105,0.139498,0.146445,0.13125,0.13097,0.118761,0.112296,0.561404,0.716867,0.262465,0.225906,0.263756,0.552124,0.528543,0.565217,0.092006,0.472727
0.148936,0.426442,0.375239,0.082018,0.148302,0.339662,0.323046,0.122798,0.288869,0.315789,0.783133,0.17242,0.167715,0.136556,0.51834,0.463583,0.563241,0.054299,0.581818
0.276596,0.33831,0.314435,0.178105,0.223199,0.395361,0.386942,0.187987,0.189243,0.385965,0.771084,0.328247,0.330971,0.234796,0.626448,0.560039,0.670949,0.042232,0.654545
0.148936,0.184459,0.181567,0.041363,0.098635,0.217905,0.211683,0.061404,0.107312,0.175439,0.710843,0.177589,0.15914,0.167075,0.600386,0.526575,0.657115,0.173454,0.490909
0.248227,0.389188,0.329829,0.064874,0.114822,0.597726,0.574988,0.081961,0.050689,0.192982,0.813253,0.247874,0.227621,0.22143,0.584942,0.498031,0.659091,0.28356,0.527273
0.205674,0.022683,0.017379,0.125181,0.350249,0.0,0.0,0.461375,0.956265,0.596491,0.0,0.176838,0.238482,0.01047,1.0,0.996063,1.0,0.010558,1.0
0.446809,0.362567,0.372233,0.632784,0.931526,0.833089,0.836772,0.967564,0.659432,0.578947,0.698795,0.674671,0.673717,0.492537,0.688224,0.66437,0.699605,0.07089,0.672727
0.602837,0.373354,0.305318,0.478315,0.573742,0.386136,0.369447,0.65098,0.513975,0.649123,0.698795,0.493497,0.488396,0.36957,0.772201,0.769685,0.773715,1.0,0.654545
0.276596,0.738571,0.676663,0.244863,0.329914,0.522773,0.516052,0.297529,0.201079,0.807018,0.777108,0.477072,0.372814,0.550902,0.55695,0.516732,0.589921,0.316742,0.4
0.446809,0.328403,0.280692,0.238891,0.377445,0.469323,0.455662,0.365724,0.52651,0.859649,0.795181,0.312656,0.30056,0.252395,0.608108,0.545276,0.671937,0.238311,0.6
0.248227,0.496849,0.427159,0.117293,0.21513,0.365788,0.355614,0.177911,0.152958,0.929825,0.795181,0.346757,0.282154,0.379372,0.526062,0.473425,0.570158,0.27451,0.418182
0.546099,0.839007,0.803996,0.616518,0.661612,1.0,1.0,0.833447,0.287126,0.508772,0.753012,0.810655,0.694295,0.815772,0.67471,0.609252,0.727273,0.064857,0.490909
0.503546,1.0,1.0,0.418952,0.491759,0.868048,0.850295,0.347045,0.156048,0.736842,0.795181,0.792896,0.575397,1.0,0.522201,0.425197,0.601779,0.926094,0.327273
0.546099,0.428277,0.419335,0.261469,0.41133,0.710609,0.701715,0.289244,0.327645,0.77193,0.76506,0.463815,0.39888,0.464691,0.560811,0.537402,0.571146,0.352941,0.490909
0.546099,0.45816,0.484057,0.153929,0.35348,0.614854,0.611082,0.347758,0.190135,0.77193,0.801205,0.523679,0.411798,0.599465,0.549228,0.500984,0.592885,0.153846,0.4
1.0,0.263125,0.247722,1.0,1.0,0.770085,0.743292,1.0,0.416277,0.596491,0.855422,1.0,1.0,0.725997,0.687259,0.637795,0.738142,0.366516,0.690909
0.602837,0.586041,0.495584,0.141243,0.18374,0.601833,0.582001,0.145667,0.064478,0.596491,0.921687,0.382941,0.27941,0.481399,0.566602,0.430118,0.714427,0.242836,0.327273
0.078014,0.080362,0.066003,0.015492,0.034171,0.181852,0.175879,0.035519,0.152251,0.421053,0.819277,0.05236,0.052704,0.039875,0.662162,0.547244,0.799407,0.016591,0.454545
0.276596,0.63696,0.515239,0.176079,0.203669,0.262893,0.250509,0.185839,0.305445,0.45614,0.855422,0.2342,0.227164,0.185787,0.614865,0.550197,0.68083,0.331825,0.6
0.801418,0.69141,0.573995,0.18752,0.420275,0.892049,0.858646,0.360291,0.163995,0.807018,0.807229,0.664249,0.495256,0.81243,0.540541,0.466535,0.610672,0.819005,0.363636
0.347518,0.849134,0.667704,0.088017,0.140297,0.423303,0.418599,0.10459,0.068132,1.0,1.0,0.289145,0.202698,0.380263,0.290541,0.179134,0.391304,0.057315,0.290909
0.546099,0.654376,0.539567,0.140181,0.196472,0.494026,0.47277,0.201512,0.10328,0.964912,0.96988,0.362598,0.24134,0.501225,0.176641,0.069882,0.27668,0.180995,0.236364
0.0,0.0,0.0,0.0,0.0,0.00485,0.003836,0.0,0.099955,0.964912,0.753012,0.0,0.0,0.002673,0.0,0.0,0.0,0.0,0.0
0.248227,0.391137,0.340456,0.145904,0.227584,0.356068,0.351719,0.157892,0.24361,0.824561,0.789157,0.298232,0.254373,0.303854,0.541506,0.523622,0.54249,0.085973,0.472727
0.148936,0.535513,0.441203,0.05311,0.066625,0.16949,0.164661,0.047406,0.0,0.473684,0.885542,0.180173,0.129187,0.232346,0.333012,0.331693,0.306324,0.058824,0.290909
0.021277,0.131273,0.103189,0.010216,0.012191,0.0337,0.030921,0.005337,0.123552,0.649123,0.861446,0.019426,0.024694,0.00646,0.170849,0.142717,0.166008,0.024133,0.418182
0.021277,0.110604,0.089354,0.011451,0.019938,0.036032,0.03559,0.009123,0.146787,0.596491,0.831325,0.029682,0.036698,0.01047,0.423745,0.454724,0.360672,0.016591,0.509091
0.205674,0.148771,0.148832,0.061037,0.114445,0.327569,0.325216,0.062338,0.160459,0.473684,0.873494,0.18059,0.141877,0.208732,0.333977,0.333661,0.310277,0.295626,0.363636
0.205882,0.074108,0.063323,0.288063,0.315992,0.002351,0.00184,0.273793,1.0,0.5,0.0,0.156462,0.211377,0.011887,0.994208,1.0,0.975296,0.011621,0.964286
0.077206,0.103279,0.089837,0.175078,0.122942,0.012326,0.011781,0.128298,0.54336,0.0,0.684685,0.089976,0.125339,0.0,0.879344,0.890748,0.854743,0.0,0.910714
0.404412,0.785282,0.749268,0.46517,0.324384,0.639404,0.636691,0.258051,0.115327,0.470588,0.783784,0.598711,0.47374,0.658526,0.53668,0.485236,0.570158,0.08685,0.410714
0.205882,0.867321,0.760794,0.244603,0.145463,0.128846,0.12981,0.111018,0.113375,0.5,0.693694,0.268063,0.229081,0.263886,0.552124,0.528543,0.565217,0.035474,0.464286
0.147059,0.465024,0.449666,0.111623,0.150046,0.325928,0.312545,0.127189,0.299741,0.088235,0.72973,0.17673,0.17184,0.135941,0.51834,0.463583,0.563241,0.028135,0.571429
0.275735,0.265252,0.310821,0.261642,0.225294,0.379402,0.37709,0.198895,0.197237,0.117647,0.756757,0.336075,0.339903,0.234277,0.626448,0.560039,0.670949,0.018349,0.642857
0.147059,0.165759,0.194191,0.062672,0.106014,0.208518,0.204536,0.065939,0.128767,0.264706,0.72973,0.184617,0.164287,0.169872,0.600386,0.526575,0.657115,0.066055,0.482143
0.246324,0.411364,0.431679,0.108243,0.121418,0.604524,0.584407,0.085072,0.063361,0.382353,0.837838,0.25865,0.234628,0.229738,0.584942,0.498031,0.659091,0.117431,0.517857
0.205882,0.050931,0.043727,0.226768,0.34968,0.0,0.0,0.468386,0.974941,0.529412,0.36036,0.179528,0.245604,0.007997,1.0,0.996063,1.0,0.006116,1.0
0.444853,0.432631,0.489801,1.0,0.936003,0.833224,0.839947,0.953466,0.682728,0.558824,0.468468,0.684701,0.683937,0.49276,0.688224,0.66437,0.699605,0.021407,0.660714
0.602941,0.573822,0.506121,0.740434,0.565385,0.386095,0.37157,0.652669,0.527781,0.647059,0.675676,0.49364,0.488139,0.364383,0.772201,0.769685,0.773715,1.0,0.642857
0.275735,0.815616,0.808342,0.31611,0.313702,0.523412,0.518481,0.296851,0.186693,0.764706,0.801802,0.484057,0.374366,0.548303,0.55695,0.516732,0.589921,0.108869,0.375
0.444853,0.441151,0.396036,0.376913,0.35984,0.445647,0.435895,0.349445,0.510465,0.691176,0.765766,0.315129,0.3019,0.250486,0.608108,0.545276,0.671937,0.088685,0.589286
0.246324,0.529123,0.490975,0.183334,0.20888,0.365213,0.356709,0.168217,0.147335,0.794118,0.828829,0.352951,0.282899,0.381673,0.526062,0.473425,0.570158,0.091131,0.410714
0.544118,1.0,1.0,0.914079,0.682872,1.0,1.0,0.834106,0.316525,0.573529,0.756757,0.821235,0.706125,0.800086,0.67471,0.609252,0.727273,0.028135,0.5
0.503676,0.671229,0.644722,0.353728,0.481462,0.853152,0.839167,0.328606,0.155227,0.647059,0.81982,0.803935,0.572879,1.0,0.522201,0.425197,0.601779,0.437309,0.321429
0.544118,0.744377,0.696877,0.341482,0.39741,0.723904,0.715097,0.285892,0.318169,0.647059,0.756757,0.471082,0.403517,0.461854,0.560811,0.537402,0.571146,0.170031,0.482143
0.544118,0.524273,0.544625,0.22011,0.359681,0.611533,0.610089,0.34911,0.204793,0.676471,0.756757,0.532904,0.413903,0.600389,0.549228,0.500984,0.592885,0.06055,0.392857
1.0,0.326183,0.335453,0.838886,1.0,0.741354,0.719578,1.0,0.440043,0.602941,0.756757,1.0,1.0,0.717528,0.687259,0.637795,0.738142,0.138226,0.678571
0.602941,0.680014,0.606661,0.209504,0.182079,0.586099,0.569966,0.146322,0.068535,0.544118,0.810811,0.386533,0.27924,0.473957,0.566602,0.430118,0.714427,0.091743,0.321429
0.077206,0.09967,0.088349,0.026203,0.034867,0.180436,0.175654,0.039658,0.163708,0.529412,0.756757,0.052832,0.052874,0.038038,0.662162,0.547244,0.799407,0.007951,0.446429
0.275735,0.924598,0.794319,0.22697,0.20728,0.246786,0.237059,0.195441,0.327527,0.867647,0.792793,0.237025,0.227546,0.187595,0.614865,0.550197,0.68083,0.140673,0.571429
0.801471,0.626935,0.559893,0.157764,0.404831,0.879244,0.850108,0.350052,0.156273,0.691176,0.774775,0.673338,0.49286,0.813702,0.540541,0.466535,0.610672,0.352905,0.339286
0.345588,0.854469,0.711858,0.127446,0.13573,0.406934,0.405012,0.099672,0.064304,1.0,1.0,0.29291,0.200637,0.379295,0.290541,0.179134,0.391304,0.022018,0.267857
0.544118,0.909071,0.778251,0.22774,0.189779,0.471759,0.454736,0.193975,0.096713,0.897059,0.981982,0.368385,0.242653,0.494705,0.176641,0.069882,0.27668,0.068502,0.232143
0.0,0.0,0.0,0.0,0.0,0.001567,0.00128,0.0,0.093911,0.970588,0.801802,0.0,0.0,0.000216,0.0,0.0,0.0,0.0,0.0
0.246324,0.435219,0.389741,0.159102,0.222863,0.345264,0.343127,0.158976,0.243889,0.647059,0.846847,0.301476,0.253865,0.303652,0.541506,0.523622,0.54249,0.034251,0.446429
0.147059,0.320092,0.284958,0.057427,0.066309,0.158623,0.156192,0.047392,0.0,0.014706,0.918919,0.184277,0.129588,0.232548,0.333012,0.331693,0.306324,0.013456,0.267857
0.018382,0.185863,0.157002,0.030428,0.01236,0.027023,0.025382,0.005987,0.122426,0.558824,0.873874,0.020098,0.024667,0.006268,0.170849,0.142717,0.166008,0.009174,0.392857
0.018382,0.117248,0.106693,0.030073,0.020502,0.029607,0.030242,0.00897,0.15518,0.573529,0.828829,0.03019,0.037059,0.009293,0.423745,0.454724,0.360672,0.006728,0.5
0.205882,0.146244,0.158211,0.088489,0.108648,0.305174,0.305064,0.064568,0.15292,0.617647,0.846847,0.180716,0.138204,0.207694,0.333977,0.333661,0.310277,0.057492,0.339286
0.209125,0.090654,0.083875,0.352554,0.319399,0.004089,0.003751,0.278578,1.0,0.627451,0.201087,0.160356,0.217924,0.012147,0.994208,1.0,0.975296,0.02181,0.965517
0.079848,0.098652,0.093796,0.200499,0.127228,0.012289,0.012302,0.126478,0.54431,0.539216,0.836957,0.095349,0.132792,0.001675,0.879344,0.890748,0.854743,0.0,0.896552
0.406844,0.662063,0.688468,0.370876,0.337091,0.629688,0.6295,0.249825,0.117631,0.607843,0.86413,0.608143,0.468833,0.663665,0.53668,0.485236,0.570158,0.152672,0.396552
0.209125,0.927098,0.884581,0.233672,0.133021,0.130048,0.131728,0.116189,0.068504,0.352941,0.831522,0.274378,0.231021,0.265759,0.552124,0.528543,0.565217,0.054526,0.448276
0.148289,0.385721,0.427789,0.112347,0.155776,0.326306,0.315284,0.128898,0.303807,0.637255,0.847826,0.181189,0.174266,0.13801,0.51834,0.463583,0.563241,0.055616,0.551724
0.277567,0.260378,0.340478,0.285623,0.237306,0.366689,0.369492,0.208069,0.204938,0.0,0.581522,0.344658,0.348411,0.233298,0.626448,0.560039,0.670949,0.025082,0.655172
0.148289,0.146458,0.207201,0.070471,0.114261,0.216026,0.213262,0.0706,0.133997,0.588235,0.88587,0.192514,0.169901,0.172984,0.600386,0.526575,0.657115,0.165758,0.482759
0.247148,0.279114,0.351153,0.093344,0.132386,0.559494,0.545324,0.089946,0.069056,0.382353,0.902174,0.269969,0.243633,0.233298,0.584942,0.498031,0.659091,0.224646,0.517241
0.209125,0.062495,0.058025,0.26823,0.354537,0.000805,0.000948,0.467877,0.978936,0.627451,0.0,0.183869,0.253335,0.007958,1.0,0.996063,1.0,0.011996,1.0
0.444867,0.410272,0.523477,1.0,0.940582,0.832514,0.84145,0.946089,0.679848,0.715686,0.76087,0.695107,0.687606,0.496545,0.688224,0.66437,0.699605,0.047983,0.655172
0.604563,0.659932,0.626791,0.73202,0.56897,0.377113,0.365398,0.649929,0.531153,0.686275,0.798913,0.495505,0.48569,0.361675,0.772201,0.769685,0.773715,1.0,0.637931
0.277567,0.609332,0.696169,0.279998,0.310342,0.50411,0.502188,0.291242,0.169696,0.813725,0.820652,0.492133,0.372059,0.549738,0.55695,0.516732,0.589921,0.189749,0.37931
0.444867,0.45857,0.444611,0.390197,0.351109,0.431078,0.42499,0.335011,0.485734,0.77451,0.836957,0.317773,0.300631,0.250681,0.608108,0.545276,0.671937,0.153762,0.568966
0.247148,0.513849,0.512445,0.173909,0.212564,0.35671,0.350556,0.148934,0.141195,0.833333,0.896739,0.359267,0.281349,0.384503,0.526062,0.473425,0.570158,0.172301,0.396552
0.543726,0.92123,1.0,0.924457,0.711068,1.0,1.0,0.877626,0.331715,0.676471,0.880435,0.832728,0.702159,0.804817,0.67471,0.609252,0.727273,0.066521,0.482759
0.505703,0.494684,0.547896,0.347954,0.482482,0.837557,0.827596,0.323376,0.145112,0.754902,0.907609,0.815871,0.565486,1.0,0.522201,0.425197,0.601779,0.95747,0.310345
0.543726,0.688369,0.707917,0.350459,0.397332,0.698335,0.688547,0.281427,0.306766,0.745098,0.88587,0.47934,0.405045,0.46178,0.560811,0.537402,0.571146,0.263904,0.482759
0.543726,0.354286,0.42392,0.211452,0.36647,0.594326,0.594813,0.346103,0.200115,0.735294,0.853261,0.543309,0.410381,0.607539,0.549228,0.500984,0.592885,0.140676,0.37931
1.0,0.334147,0.380053,0.737715,1.0,0.718251,0.701797,1.0,0.440388,0.686275,0.842391,1.0,1.0,0.695707,0.687259,0.637795,0.738142,0.23446,0.672414
0.604563,0.742267,0.714205,0.221024,0.184511,0.569897,0.557283,0.143653,0.06192,0.637255,0.858696,0.390474,0.277104,0.467435,0.566602,0.430118,0.714427,0.154853,0.310345
0.079848,0.110537,0.105893,0.026506,0.036019,0.172507,0.168996,0.040965,0.162644,0.686275,0.902174,0.053337,0.052874,0.037906,0.662162,0.547244,0.799407,0.010905,0.448276
0.277567,1.0,0.930952,0.249719,0.20805,0.238675,0.230867,0.183499,0.322215,1.0,0.929348,0.239454,0.225928,0.189948,0.614865,0.550197,0.68083,0.219193,0.551724
0.802281,0.50174,0.500885,0.15559,0.394684,0.803021,0.78212,0.303001,0.134392,0.715686,0.880435,0.683869,0.487388,0.815288,0.540541,0.466535,0.610672,0.53217,0.327586
0.346008,0.734194,0.66372,0.107864,0.13112,0.371054,0.372335,0.091947,0.043679,0.980392,1.0,0.29547,0.19464,0.379686,0.290541,0.179134,0.391304,0.033806,0.258621
0.543726,0.766839,0.728881,0.214442,0.187628,0.448112,0.435396,0.186789,0.079744,0.803922,0.978261,0.374914,0.240238,0.493403,0.176641,0.069882,0.27668,0.122137,0.241379
0.0,0.0,0.0,0.0,0.0,0.0,0.0,0.0,0.079369,0.941176,0.918478,0.0,0.0,0.0,0.0,0.0,0.0,0.0,0.0
0.247148,0.359094,0.352179,0.16412,0.220679,0.335946,0.335834,0.15747,0.228606,0.686275,0.891304,0.305498,0.252001,0.304921,0.541506,0.523622,0.54249,0.080698,0.431034
0.148289,0.352391,0.339,0.065279,0.07081,0.146256,0.145381,0.049309,0.0,0.696078,0.972826,0.188451,0.12782,0.235812,0.333012,0.331693,0.306324,0.02072,0.258621
0.019011,0.127475,0.117377,0.014912,0.013399,0.023454,0.022405,0.006863,0.120548,0.715686,0.967391,0.02092,0.024861,0.007749,0.170849,0.142717,0.166008,0.016358,0.396552
0.019011,0.119059,0.121237,0.031557,0.019859,0.027649,0.028657,0.008311,0.13483,0.676471,0.918478,0.030688,0.036503,0.011309,0.423745,0.454724,0.360672,0.010905,0.482759
0.209125,0.158353,0.189956,0.096319,0.10443,0.28872,0.290479,0.057416,0.131507,0.686275,0.940217,0.180498,0.13546,0.203351,0.333977,0.333661,0.310277,0.107961,0.327586
0.209486,0.111911,0.111223,0.439425,0.32211,0.009731,0.009293,0.305534,1.0,0.5,0.0,0.163729,0.224632,0.011417,0.994208,1.0,0.975296,0.017021,0.966667
0.079051,0.087599,0.090769,0.20691,0.133486,0.014285,0.014179,0.134513,0.568938,0.5,0.774566,0.097726,0.136874,0.002243,0.879344,0.890748,0.854743,0.002128,0.9
0.407115,0.612718,0.724768,0.351032,0.344085,0.625239,0.626989,0.261069,0.114512,0.487805,0.774566,0.618171,0.461232,0.675841,0.53668,0.485236,0.570158,0.137234,0.383333
0.209486,0.947128,0.969897,0.197647,0.146472,0.13154,0.133789,0.130843,0.087149,0.02439,0.682081,0.281019,0.233234,0.268705,0.552124,0.528543,0.565217,0.054255,0.45
0.146245,0.37279,0.456769,0.115185,0.16157,0.319513,0.310912,0.134564,0.308003,0.597561,0.809249,0.185936,0.177013,0.140673,0.51834,0.463583,0.563241,0.046809,0.55
0.27668,0.276178,0.394273,0.330143,0.260109,0.407573,0.411159,0.219181,0.234039,0.0,0.855491,0.35319,0.356146,0.234659,0.626448,0.560039,0.670949,0.006383,0.65
0.146245,0.170712,0.25972,0.081088,0.121795,0.244739,0.241874,0.074221,0.138833,0.402439,0.895954,0.201181,0.175891,0.177778,0.600386,0.526575,0.657115,0.158511,0.483333
0.245059,0.281551,0.401133,0.102294,0.144485,0.544498,0.533343,0.094863,0.077645,0.317073,0.919075,0.2819,0.254176,0.236493,0.584942,0.498031,0.659091,0.212766,0.516667
0.209486,0.076681,0.07619,0.32503,0.350715,0.006633,0.00668,0.47971,0.948647,0.512195,0.34104,0.187522,0.259412,0.009582,1.0,0.996063,1.0,0.008511,1.0
0.442688,0.372274,0.547625,1.0,0.952822,0.8024,0.813564,0.974719,0.682937,0.707317,0.815029,0.703648,0.687734,0.50316,0.688224,0.66437,0.699605,0.051064,0.633333
0.604743,0.78036,0.796166,0.800442,0.576266,0.348873,0.340526,0.655508,0.539398,0.634146,0.693642,0.498326,0.482922,0.363099,0.772201,0.769685,0.773715,0.935106,0.616667
0.27668,0.672949,0.83695,0.288752,0.309247,0.474611,0.472839,0.294647,0.156657,0.719512,0.867052,0.500617,0.370107,0.552905,0.55695,0.516732,0.589921,0.17766,0.366667
0.442688,0.492668,0.507949,0.411886,0.349799,0.382434,0.38029,0.335793,0.47527,0.743902,0.809249,0.321995,0.302169,0.250765,0.608108,0.545276,0.671937,0.144681,0.566667
0.245059,0.463909,0.502421,0.167526,0.213571,0.337042,0.334563,0.142961,0.130946,0.768293,0.849711,0.366144,0.280603,0.388175,0.526062,0.473425,0.570158,0.167021,0.383333
0.541502,0.688314,0.853582,0.864624,0.736141,1.0,1.0,0.908946,0.344848,0.609756,0.867052,0.840324,0.688856,0.817533,0.67471,0.609252,0.727273,0.068085,0.466667
0.505929,0.588592,0.708497,0.365928,0.489095,0.81552,0.809277,0.311983,0.141226,0.682927,0.878613,0.825784,0.556719,1.0,0.522201,0.425197,0.601779,1.0,0.3
0.541502,0.623187,0.707862,0.38939,0.397628,0.627194,0.621126,0.291366,0.297165,0.707317,0.884393,0.486429,0.405136,0.462793,0.560811,0.537402,0.571146,0.291489,0.466667
0.541502,0.328256,0.437423,0.204597,0.373128,0.551921,0.55492,0.353066,0.196123,0.695122,0.83237,0.553842,0.407006,0.615698,0.549228,0.500984,0.592885,0.138298,0.366667
1.0,0.361382,0.45606,0.837567,1.0,0.643808,0.633929,1.0,0.439564,0.634146,0.820809,1.0,1.0,0.678084,0.687259,0.637795,0.738142,0.218085,0.683333
0.604743,0.737824,0.753078,0.225023,0.186659,0.513994,0.505883,0.147864,0.056344,0.621951,0.849711,0.394871,0.275991,0.462181,0.566602,0.430118,0.714427,0.144681,0.316667
0.079051,0.127012,0.129823,0.028879,0.036521,0.154246,0.152176,0.043937,0.156793,0.609756,0.936416,0.054195,0.052855,0.03894,0.662162,0.547244,0.799407,0.010638,0.433333
0.27668,1.0,1.0,0.264549,0.203523,0.202549,0.197424,0.174226,0.302396,1.0,0.901734,0.241452,0.223386,0.193272,0.614865,0.550197,0.68083,0.202128,0.533333
0.802372,0.458483,0.498985,0.167709,0.397601,0.741787,0.727735,0.287092,0.127687,0.621951,0.843931,0.693162,0.481301,0.816514,0.540541,0.466535,0.610672,0.510638,0.316667
0.343874,0.587904,0.571453,0.097677,0.128892,0.321966,0.322618,0.089797,0.029642,0.963415,1.0,0.297674,0.186736,0.383282,0.290541,0.179134,0.391304,0.031915,0.233333
0.541502,0.713129,0.738911,0.209063,0.18886,0.412896,0.40394,0.18945,0.070328,0.719512,0.965318,0.381829,0.237721,0.494597,0.176641,0.069882,0.27668,0.108511,0.233333
0.0,0.0,0.0,0.0,0.0,0.0,0.0,0.0,0.067251,1.0,0.83815,0.0,0.0,0.0,0.0,0.0,0.0,0.0,0.0
0.245059,0.343145,0.361917,0.182721,0.228741,0.313171,0.31496,0.165263,0.235999,0.597561,0.919075,0.309834,0.250561,0.307034,0.541506,0.523622,0.54249,0.070213,0.433333
0.146245,0.390723,0.40127,0.073721,0.074822,0.133037,0.136501,0.052045,0.0,0.658537,0.930636,0.19325,0.127275,0.23894,0.333012,0.331693,0.306324,0.018085,0.25
0.01581,0.134132,0.132362,0.015469,0.013136,0.023975,0.023132,0.007015,0.101851,0.658537,0.919075,0.021766,0.025305,0.00897,0.170849,0.142717,0.166008,0.015957,0.383333
0.01581,0.108867,0.120996,0.029669,0.02085,0.029776,0.03081,0.008486,0.135961,0.634146,0.890173,0.031195,0.036774,0.012029,0.423745,0.454724,0.360672,0.010638,0.466667
0.209486,0.159502,0.211927,0.103761,0.112145,0.273663,0.275914,0.056433,0.154697,0.731707,0.976879,0.181089,0.133134,0.201223,0.333977,0.333661,0.310277,0.117021,0.333333
0.213115,0.13841,0.134124,0.499405,0.327015,0.015542,0.014915,0.318386,1.0,0.416667,0.0,0.165353,0.229901,0.010474,0.994208,1.0,0.975296,0.024109,0.968254
0.081967,0.075753,0.077576,0.199969,0.144287,0.015455,0.015251,0.130867,0.610785,0.433333,0.424242,0.098889,0.140403,0.001779,0.879344,0.890748,0.854743,0.0,0.904762
0.409836,0.553904,0.668605,0.330815,0.36097,0.672525,0.672114,0.248044,0.115226,0.266667,0.560606,0.626836,0.452622,0.685375,0.53668,0.485236,0.570158,0.138365,0.365079
0.213115,1.0,1.0,0.154517,0.165915,0.141758,0.143804,0.121266,0.112053,0.0,0.727273,0.286904,0.234774,0.271146,0.552124,0.528543,0.565217,0.048218,0.444444
0.147541,0.368675,0.464898,0.119095,0.166859,0.338798,0.329669,0.127184,0.299935,0.483333,0.484848,0.190254,0.180536,0.141502,0.51834,0.463583,0.563241,0.023061,0.555556
0.278689,0.282138,0.414316,0.346249,0.283877,0.418366,0.422581,0.202644,0.254977,0.133333,0.333333,0.36125,0.363765,0.236364,0.626448,0.560039,0.670949,0.007338,0.650794
0.147541,0.199729,0.300556,0.088656,0.134261,0.258399,0.25547,0.075371,0.152369,0.233333,0.69697,0.207542,0.181562,0.178063,0.600386,0.526575,0.657115,0.155136,0.492063
0.245902,0.283492,0.422234,0.1098,0.167047,0.568977,0.556378,0.091829,0.102449,0.066667,0.848485,0.29407,0.263111,0.243281,0.584942,0.498031,0.659091,0.199161,0.52381
0.213115,0.095009,0.091959,0.374973,0.361876,0.009596,0.009629,0.46448,0.952163,0.366667,0.257576,0.191867,0.271573,0.004743,1.0,0.996063,1.0,0.009434,1.0
0.442623,0.367056,0.564912,1.0,0.950285,0.769296,0.77992,0.823821,0.656736,0.616667,0.454545,0.712648,0.686755,0.513834,0.688224,0.66437,0.699605,0.04717,0.634921
0.606557,0.941505,0.93667,0.852747,0.581316,0.358166,0.349409,0.601557,0.532494,0.466667,0.19697,0.498477,0.479677,0.360474,0.772201,0.769685,0.773715,0.919287,0.619048
0.278689,0.603399,0.764515,0.269895,0.320972,0.482414,0.480375,0.270776,0.152871,0.716667,0.69697,0.508062,0.368252,0.55336,0.55695,0.516732,0.589921,0.203354,0.365079
0.442623,0.490075,0.496313,0.393276,0.357002,0.38643,0.38396,0.312329,0.472958,0.833333,0.545455,0.324257,0.302731,0.248814,0.608108,0.545276,0.671937,0.122642,0.571429
0.245902,0.42466,0.460992,0.155757,0.21906,0.336372,0.333949,0.13234,0.121118,0.8,0.712121,0.372178,0.279523,0.390316,0.526062,0.473425,0.570158,0.163522,0.396825
0.540984,0.554069,0.727665,0.789609,0.741226,1.0,1.0,0.829651,0.328699,0.6,0.575758,0.849427,0.677907,0.829249,0.67471,0.609252,0.727273,0.067086,0.460317
0.508197,0.559932,0.678445,0.297528,0.500274,0.852537,0.839015,0.282472,0.133295,0.666667,0.606061,0.834826,0.546224,1.0,0.522201,0.425197,0.601779,1.0,0.301587
0.540984,0.581401,0.666106,0.382404,0.406084,0.636872,0.627284,0.270979,0.288297,0.8,0.727273,0.491849,0.404667,0.461462,0.560811,0.537402,0.571146,0.277778,0.47619
0.540984,0.249488,0.32976,0.225808,0.370971,0.564605,0.566972,0.323466,0.172483,0.766667,0.681818,0.56306,0.404283,0.61917,0.549228,0.500984,0.592885,0.133124,0.365079
1.0,0.374306,0.479084,0.902237,1.0,0.644982,0.635214,1.0,0.426407,0.483333,0.5,1.0,1.0,0.66502,0.687259,0.637795,0.738142,0.201258,0.68254
0.606557,0.746284,0.741639,0.21091,0.188123,0.508296,0.50001,0.140557,0.0429,0.566667,0.590909,0.398155,0.273753,0.456522,0.566602,0.430118,0.714427,0.137317,0.333333
0.081967,0.141267,0.140528,0.026051,0.037322,0.15413,0.151944,0.040003,0.147799,0.616667,0.727273,0.054729,0.053084,0.038933,0.662162,0.547244,0.799407,0.009434,0.428571
0.278689,0.905536,0.887844,0.261855,0.203532,0.197324,0.192158,0.157383,0.284328,1.0,0.666667,0.243461,0.222208,0.194664,0.614865,0.550197,0.68083,0.187631,0.539683
0.803279,0.449151,0.486972,0.176643,0.41574,0.751219,0.735971,0.255423,0.128162,0.6,0.575758,0.699928,0.47442,0.813043,0.540541,0.466535,0.610672,0.494759,0.333333
0.344262,0.50185,0.477146,0.087094,0.12246,0.26087,0.257358,0.084044,0.0,0.983333,1.0,0.300251,0.178869,0.386759,0.290541,0.179134,0.391304,0.026205,0.222222
0.540984,0.505648,0.536903,0.164626,0.194874,0.419547,0.41012,0.177525,0.062672,0.533333,0.939394,0.387675,0.23503,0.493083,0.176641,0.069882,0.27668,0.102725,0.238095
0.0,0.0,0.0,0.0,0.0,0.0,0.0,0.0,0.051133,0.983333,0.636364,0.0,0.0,0.0,0.0,0.0,0.0,0.0,0.0
0.245902,0.301064,0.311699,0.175946,0.244861,0.323256,0.324613,0.158018,0.25124,0.783333,0.772727,0.313687,0.249263,0.307905,0.541506,0.523622,0.54249,0.066038,0.428571
0.147541,0.37538,0.373847,0.075172,0.082975,0.132839,0.13621,0.051293,0.007632,0.683333,0.833333,0.197599,0.126298,0.241304,0.333012,0.331693,0.306324,0.015723,0.253968
0.016393,0.138493,0.1337,0.015148,0.013505,0.027936,0.026978,0.006515,0.087185,0.716667,0.787879,0.022483,0.02667,0.008498,0.170849,0.142717,0.166008,0.015723,0.396825
0.016393,0.100905,0.109476,0.02612,0.022819,0.028155,0.029201,0.009423,0.143499,0.516667,0.833333,0.031619,0.0368,0.013043,0.423745,0.454724,0.360672,0.010482,0.460317
0.213115,0.173355,0.231518,0.104848,0.12382,0.288237,0.288699,0.060995,0.184881,0.85,0.863636,0.179147,0.128606,0.197036,0.333977,0.333661,0.310277,0.101677,0.333333
0.213675,0.079007,0.082479,0.635334,0.329247,0.017974,0.017285,0.329464,1.0,0.020833,0.495238,0.165069,0.23164,0.009306,0.994208,1.0,0.975296,0.027273,0.939394
0.081197,0.074255,0.077672,0.216134,0.147826,0.016831,0.016515,0.132693,0.627625,0.520833,0.390476,0.09979,0.142669,0.001745,0.879344,0.890748,0.854743,0.0,0.878788
0.410256,0.439279,0.621866,0.36787,0.379916,0.699925,0.698729,0.25529,0.143438,0.125,0.52381,0.636447,0.450645,0.68767,0.53668,0.485236,0.570158,0.121212,0.363636
0.213675,0.892298,0.926174,0.146358,0.180932,0.140959,0.142873,0.128415,0.149834,0.291667,0.666667,0.293801,0.235983,0.27627,0.552124,0.528543,0.565217,0.045455,0.439394
0.145299,0.216695,0.368026,0.124814,0.171288,0.343411,0.334675,0.124491,0.308754,0.229167,0.561905,0.195198,0.183338,0.144436,0.51834,0.463583,0.563241,0.023232,0.545455
0.277778,0.349527,0.540536,0.383118,0.298023,0.432711,0.436293,0.189958,0.278631,0.229167,0.590476,0.369579,0.371808,0.237107,0.626448,0.560039,0.670949,0.011111,0.636364
0.145299,0.143912,0.307333,0.088109,0.139435,0.267328,0.264591,0.077921,0.166284,0.1875,0.590476,0.214644,0.185707,0.182241,0.600386,0.526575,0.657115,0.153535,0.484848
0.24359,0.145746,0.383739,0.128021,0.178693,0.56219,0.550073,0.088344,0.127153,0.0,0.657143,0.305761,0.270071,0.251454,0.584942,0.498031,0.659091,0.180808,0.515152
0.213675,0.100315,0.098473,0.483823,0.362802,0.011526,0.011567,0.480714,0.938545,0.0625,0.0,0.194559,0.278626,0.002714,1.0,0.996063,1.0,0.010101,1.0
0.440171,0.639857,0.883516,1.0,0.948861,0.76981,0.778533,0.825451,0.645757,0.4375,0.990476,0.718981,0.684259,0.518806,0.688224,0.66437,0.699605,0.040404,0.606061
0.606838,1.0,1.0,0.846972,0.591914,0.374465,0.36555,0.59846,0.548114,0.145833,0.257143,0.499133,0.476704,0.357697,0.772201,0.769685,0.773715,0.807071,0.606061
0.277778,0.358903,0.604113,0.270412,0.32032,0.478401,0.476514,0.262239,0.156919,0.5625,0.52381,0.517758,0.367202,0.55855,0.55695,0.516732,0.589921,0.20202,0.363636
0.440171,0.508859,0.517225,0.321645,0.351448,0.380526,0.378634,0.29859,0.460831,0.708333,0.504762,0.325756,0.300869,0.248546,0.608108,0.545276,0.671937,0.109091,0.560606
0.24359,0.380262,0.439952,0.143175,0.218435,0.33376,0.331684,0.12806,0.125675,0.520833,1.0,0.379713,0.278889,0.395502,0.526062,0.473425,0.570158,0.139394,0.378788
0.538462,0.72403,0.959077,0.788456,0.754211,1.0,1.0,0.787302,0.338736,0.375,0.542857,0.86086,0.675704,0.832687,0.67471,0.609252,0.727273,0.061616,0.439394
0.508547,0.389173,0.603293,0.329805,0.49946,0.85664,0.842262,0.273629,0.140482,0.291667,0.609524,0.845065,0.539352,1.0,0.522201,0.425197,0.601779,1.0,0.30303
0.538462,0.372437,0.518679,0.396165,0.39805,0.640879,0.630734,0.265495,0.27709,0.541667,0.714286,0.500411,0.405896,0.464715,0.560811,0.537402,0.571146,0.234343,0.469697
0.538462,0.364972,0.494078,0.301137,0.368333,0.573532,0.575868,0.312215,0.173458,0.520833,0.466667,0.573633,0.40379,0.623304,0.549228,0.500984,0.592885,0.118182,0.363636
1.0,0.373986,0.538519,0.973293,1.0,0.63921,0.630382,1.0,0.432467,0.1875,0.438095,1.0,1.0,0.650446,0.687259,0.637795,0.738142,0.177778,0.666667
0.606838,0.624464,0.643184,0.20982,0.18841,0.505248,0.497031,0.145555,0.055135,0.5,0.590476,0.402995,0.270861,0.456766,0.566602,0.430118,0.714427,0.124242,0.318182
0.081197,0.080996,0.089327,0.030176,0.037093,0.146905,0.144984,0.037387,0.152446,0.416667,0.809524,0.055053,0.053304,0.038387,0.662162,0.547244,0.799407,0.006061,0.424242
0.277778,0.995713,0.970943,0.264812,0.197801,0.196666,0.191736,0.150746,0.273165,0.979167,0.657143,0.24596,0.220979,0.196782,0.614865,0.550197,0.68083,0.157576,0.515152
0.803419,0.488532,0.547126,0.184214,0.416534,0.726337,0.712539,0.240657,0.135844,0.5,0.542857,0.711403,0.46986,0.818534,0.540541,0.466535,0.610672,0.457576,0.318182
0.34188,0.2886,0.286063,0.089075,0.115847,0.209952,0.208735,0.079406,0.0,1.0,0.761905,0.302657,0.171098,0.390655,0.290541,0.179134,0.391304,0.024242,0.212121
0.538462,0.513146,0.569335,0.134065,0.194524,0.411009,0.402296,0.174494,0.07105,0.958333,0.857143,0.394778,0.234272,0.493214,0.176641,0.069882,0.27668,0.072727,0.242424
0.0,0.0,0.0,0.0,0.0,0.0,0.0,0.0,0.052497,0.9375,0.571429,0.0,0.0,0.0,0.0,0.0,0.0,0.0,0.0
0.24359,0.244073,0.266129,0.179786,0.244461,0.316106,0.317808,0.155951,0.25251,0.604167,0.647619,0.31836,0.248223,0.310392,0.541506,0.523622,0.54249,0.052525,0.424242
0.145299,0.174802,0.20084,0.080423,0.084091,0.131926,0.13522,0.051843,0.019852,0.770833,0.72381,0.202684,0.125165,0.246026,0.333012,0.331693,0.306324,0.011111,0.242424
0.012821,0.065654,0.069042,0.011439,0.014351,0.028242,0.027312,0.00669,0.100866,0.666667,0.714286,0.02319,0.026981,0.0095,0.170849,0.142717,0.166008,0.014141,0.378788
0.012821,0.062865,0.081799,0.030456,0.024313,0.029614,0.030523,0.010082,0.166233,0.458333,0.619048,0.031863,0.036325,0.014153,0.423745,0.454724,0.360672,0.009091,0.439394
0.213675,0.098223,0.19371,0.099686,0.122649,0.2848,0.284866,0.067498,0.189845,0.708333,0.942857,0.179677,0.125165,0.197169,0.333977,0.333661,0.310277,0.128283,0.318182
0.2,0.023896,0.019357,0.279162,0.310887,0.002338,0.00123,0.227087,1.0,0.393939,0.195876,0.148052,0.190481,0.016848,0.994208,1.0,0.975296,0.013867,0.980769
0.075,0.042864,0.036203,0.092913,0.111656,0.028396,0.026785,0.098127,0.51097,0.439394,0.659794,0.081266,0.109765,0.0,0.879344,0.890748,0.854743,0.001541,0.923077
0.4,0.636303,0.571002,0.427257,0.316868,0.695514,0.68914,0.251149,0.082748,0.863636,0.793814,0.573985,0.475828,0.654609,0.53668,0.485236,0.570158,0.257319,0.480769
0.2,0.577981,0.512428,0.224012,0.185139,0.200497,0.196651,0.118129,0.197509,0.954545,0.886598,0.253559,0.224033,0.260654,0.552124,0.528543,0.565217,0.120185,0.519231
0.15,0.33923,0.315413,0.116583,0.165577,0.412265,0.390916,0.111985,0.354371,0.924242,0.804124,0.165704,0.161968,0.136521,0.51834,0.463583,0.563241,0.030817,0.615385
0.275,0.25916,0.259442,0.189684,0.211382,0.403219,0.387284,0.160577,0.163796,0.606061,0.649485,0.311803,0.31386,0.230426,0.626448,0.560039,0.670949,0.023112,0.692308
0.15,0.167866,0.177769,0.0724,0.086132,0.256724,0.245705,0.051619,0.071409,0.0,0.773196,0.161393,0.145782,0.160803,0.600386,0.526575,0.657115,0.161787,0.519231
0.25,0.334511,0.305775,0.090759,0.108425,0.566434,0.541108,0.090021,0.042162,0.69697,0.608247,0.222484,0.205381,0.209118,0.584942,0.498031,0.659091,0.248074,0.557692
0.2,0.016311,0.012656,0.151628,0.334842,0.0,0.0,0.374886,0.928405,0.257576,0.0,0.171724,0.222425,0.015114,1.0,0.996063,1.0,0.012327,1.0
0.45,0.234145,0.239458,0.794116,0.950837,0.784056,0.789994,1.0,0.684041,0.712121,0.680412,0.66306,0.664701,0.489346,0.688224,0.66437,0.699605,0.093991,0.711538
0.6,0.258324,0.230619,0.753626,0.595206,0.35923,0.343947,0.702131,0.505886,0.757576,0.690722,0.50541,0.502733,0.383548,0.772201,0.769685,0.773715,0.793529,0.692308
0.275,0.56522,0.557526,0.313367,0.33793,0.550938,0.542819,0.312414,0.197014,0.818182,0.773196,0.468803,0.380534,0.554509,0.55695,0.516732,0.589921,0.285054,0.442308
0.45,0.352964,0.317482,0.491112,0.40144,0.480392,0.463228,0.462582,0.563219,1.0,0.742268,0.311071,0.300247,0.259663,0.608108,0.545276,0.671937,0.281972,0.634615
0.25,0.539605,0.486586,0.289895,0.235791,0.37966,0.371078,0.207025,0.178575,1.0,0.762887,0.338729,0.28674,0.375124,0.526062,0.473425,0.570158,0.263482,0.480769
0.55,0.833412,0.843271,0.972971,0.671747,1.0,1.0,0.8844,0.282328,0.878788,0.804124,0.79712,0.688498,0.842666,0.67471,0.609252,0.727273,0.127889,0.538462
0.5,1.0,1.0,0.534101,0.466292,0.922472,0.910085,0.331713,0.117913,0.757576,0.85567,0.773448,0.589238,1.0,0.522201,0.425197,0.601779,0.745763,0.384615
0.55,0.546698,0.532633,0.347688,0.406362,0.788458,0.782851,0.26355,0.323995,0.939394,0.752577,0.445782,0.390503,0.461348,0.560811,0.537402,0.571146,0.300462,0.538462
0.55,0.62249,0.630074,0.254336,0.36648,0.726538,0.71555,0.353647,0.19698,0.969697,0.731959,0.507606,0.41237,0.599108,0.549228,0.500984,0.592885,0.248074,0.442308
1.0,0.237005,0.229462,1.0,1.0,0.845491,0.814319,0.922183,0.391737,0.575758,0.896907,1.0,1.0,0.740585,0.687259,0.637795,0.738142,0.503852,0.730769
0.6,0.473982,0.425698,0.2033,0.190323,0.672859,0.645143,0.155082,0.04951,0.727273,0.876289,0.380949,0.286526,0.504212,0.566602,0.430118,0.714427,0.434515,0.365385
0.075,0.052743,0.047467,0.037914,0.036899,0.212977,0.205054,0.064699,0.148846,0.318182,0.680412,0.053933,0.05306,0.04782,0.662162,0.547244,0.799407,0.01849,0.461538
0.275,0.480018,0.419587,0.188034,0.212594,0.308807,0.293168,0.204927,0.31439,0.681818,0.773196,0.231758,0.229821,0.180872,0.614865,0.550197,0.68083,0.343606,0.653846
0.8,0.76373,0.667207,0.321856,0.430104,0.946095,0.904578,0.379686,0.15693,0.727273,0.804124,0.65159,0.509165,0.813925,0.540541,0.466535,0.610672,1.0,0.403846
0.35,0.717888,0.600996,0.153793,0.142,0.445724,0.437493,0.111751,0.05059,0.469697,0.731959,0.284064,0.212027,0.381318,0.290541,0.179134,0.391304,0.05547,0.346154
0.55,0.591111,0.514815,0.18113,0.211217,0.631321,0.59801,0.21806,0.115229,0.939394,0.865979,0.352152,0.245578,0.51115,0.176641,0.069882,0.27668,0.180277,0.288462
0.0,0.0,0.0,0.0,0.0,0.013416,0.01202,0.0,0.092676,0.454545,1.0,0.0,0.0,0.006194,0.0,0.0,0.0,0.0,0.0
0.25,0.358424,0.331405,0.202902,0.241287,0.399623,0.391006,0.151082,0.260731,0.939394,0.804124,0.292199,0.256834,0.302527,0.541506,0.523622,0.54249,0.204931,0.519231
0.15,0.416734,0.362123,0.076221,0.071417,0.228699,0.218544,0.052381,0.0,0.969697,0.948454,0.173107,0.130239,0.232408,0.333012,0.331693,0.306324,0.115562,0.326923
0.025,0.100479,0.083315,0.017061,0.011635,0.045666,0.042031,0.005246,0.108404,0.636364,0.824742,0.018791,0.024654,0.006442,0.170849,0.142717,0.166008,0.001541,0.480769
0.025,0.096511,0.084633,0.030455,0.023129,0.050068,0.048559,0.008846,0.170718,0.893939,0.845361,0.02961,0.037196,0.010406,0.423745,0.454724,0.360672,0.010786,0.557692
0.2,0.15715,0.169883,0.099301,0.122917,0.38898,0.382602,0.051536,0.162262,0.772727,0.907216,0.180835,0.145996,0.219524,0.333977,0.333661,0.310277,0.238829,0.403846
